{
  "LGBM_N_ESTIMATORS": 4890,
  "LGBM_LEARNING_RATE": 0.12511547004171678,
  "LGBM_NUM_LEAVES": 24,
  "LGBM_MAX_DEPTH": 2,
  "LGBM_MIN_CHILD_SAMPLES": 134,
  "LGBM_SUBSAMPLE": 0.9624457541570358,
  "LGBM_COLSAMPLE_BYTREE": 0.9506589893038976,
  "LGBM_REG_ALPHA": 2.51545560767482,
  "LGBM_REG_LAMBDA": 4.83334465226836
}