{
  "XGB_N_ESTIMATORS": 2712,
  "XGB_LEARNING_RATE": 0.04959418738436478,
  "XGB_MAX_DEPTH": 4,
  "XGB_MIN_CHILD_WEIGHT": 1.2327345946068906,
  "XGB_SUBSAMPLE": 0.7897294705993075,
  "XGB_COLSAMPLE_BYTREE": 0.75205243753282,
  "XGB_GAMMA": 2.3271224971281117,
  "XGB_REG_ALPHA": 3.4264441094709372,
  "XGB_REG_LAMBDA": 0.7064311434205743
}